<?xml version="1.0" encoding="utf-8"?>

<!-- This is the comment from the old file:
#
#  city:        city 			(in HTML format)
#  country:     country 		(in HTML format)
#  county:      county 			(in HTML format)
#  department:  name of the department  (in HTML format)
#  email:       email address 		(in HTML format, but no 'mailto')
#  fax:         fax number
#  name:	name 			(in HTML format)
#  formalname:  unabbreviated name      (in HTML format)
#  phone:       telefon number
#  street:      street address          (in HTML)
#  title:	titel 			(in HTML format)
#  university:  name of the university 	(in HTML format)
#  www:         home page 		(full address with 'http://')
#  zipcode:     zip code
#  sameaddressas:  someone earlier with same city, county, county, department,
#               fax, phone, street, university, zipcode (these entries may
#               be overwritten again)
#
-->


<!--#########################################################################
#AAAAAAAAAAAAAAAAAAAAAAAAAAAAAAAAAAAAAAAAAAAAAAAAAAAAAAAAAAAAAAAAAAAAAAAAAAA#
##########################################################################-->

<addresses>

<person id="Tamas Agoston"
    name       = "Tamas Agoston"
    email      = "Tamas.Agoston@math.rwth-aachen.de"
    university = "U. of Debrecen"
/>

<person id="Murat Alp"
    name       = "Murat Alp"
    title      = "Dr."
    email      = "malp@mail.dumlupinar.edu.tr"
/>

<person id="M. Atkinson"
    title      = "Prof."
    name       = "Mike Atkinson"
    formalname = "Michael Atkinson"
    department = "Department of Computater Science"
    university = "University of Otago"
    street     = "PO Box 56"
    city       = "Dunedin"
    zipcode    = "9015"
    country    = "New Zealand"
    email      = "mike@cs.otago.ac.nz"
/>

<person id="Isabel Araujo"
    name       = "Isabel M. Araújo"
    department = "Department of Mathematics"
    university = "University of Evora"
    street     = "Rua Romao Ramalho 59"
    city       = "Evora"
    zipcode    = "7000-671"
    country    = "Portugal"
    email      = "imma@uevora.pt"
/>

<person id="Robert Arthur"
    name       = "Robert Arthur"
/>

<!--#########################################################################
#BBBBBBBBBBBBBBBBBBBBBBBBBBBBBBBBBBBBBBBBBBBBBBBBBBBBBBBBBBBBBBBBBBBBBBBBBBB#
##########################################################################-->

<person id="R. Baart"
    name       = "R. Baart"
/>

<person id="Laurent Bartholdi"
    name       = "Laurent Bartholdi"
    email      = "laurent.bartholdi@gmail.com"
    www        = "http://www.uni-math.gwdg.de/laurent/"
    department = "Mathematisches Institut"
    university = "Georg-August-Universitat"
    street     = "Bunsenstrasse 3-5"
    city       = "Gottingen"
    zipcode    = "D-37073"
    country    = "Germany"
    phone      = "+49-551-397752"
    fax        = "+49-551-392985"
/>

<person id="Dave Bayer"
    name       = "Dave Bayer"
    title      = "Prof."
    email      = "dab@shire.math.columbia.edu"
/>


<person id="Robert Beals"
    name       = "Robert Beals"
    title      = "Dr."
    email      = "beals@math.arizona.edu"
    www        = "http://dimacs.rutgers.edu/People/Postdocs/Beals.html"
/>

<person id="Hans Ulrich Besche"
    name       = "Hans Ulrich Besche"
    email      = "hubesche@tu-bs.de"
    department = "Institut Computational Mathematics"
    university = "Universität Braunschweig"
    street     = "Pockelsstr. 14"
    city       = "Braunschweig"
    zipcode    = "38106"
    country    = "Germany"
/>

<person id="Anton Betten"
    name       = "Anton Betten"
    title      = "Dr."
    email      = "betten@math.colostate.edu"
    www        = "http://www.math.colostate.edu/~betten/"
    university = "Colorado State University"
    department = "Department of Mathematics"
    street     = "Weber Building"
    city       = "Fort Collins"
    zipcode    = "CO 80523"
    country    = "USA"
/>

<person id="Thomas Bischops"
    title      = "Dr."
    name       = "Thomas Bischops"
/>

<person id="Russell Blyth"
    name       = "Russell Blyth"
    department = "Department of Mathematics and Mathematical Computer Science"
    university = "Saint Louis University"
    street     = "221 N. Grand Blvd."
    city       = "St. Louis, MO"
    zipcode    = "63103"
    country    = "USA"
    email      = "blythrd@slu.edu"
    www        = "http://sylow.slu.edu/"
/>

<person id="Harald Boegeholz"
    name       = "Harald Bögeholz"
    email      = "hwb@mathematik.uni-stuttgart.de"
/>

<person id="Oliver Bonten"
    name       = "Oliver Bonten"
    title      = "Dr."
    email      = "OLIVER_BONTEN@HP-Germany-om2.om.hp.com"
/>

<person id="Victor Bovdi"
    name       = "Victor Bovdi"
/>

<person id="Tim Boykett"
    name       = "Tim Boykett"
    email      = "tim@bruckner.stoch.uni-linz.ac.at"
/>

<person id="John Bray"
    name       = "John Bray"
    email      = "jnb@for.mat.bham.ac.uk"
    www        = "http://www.mat.bham.ac.uk/J.N.Bray"
/>

<person id="Thomas Breuer"
    name       = "Thomas Breuer"
    email      = "Thomas.Breuer@math.rwth-aachen.de"
    www        = "http://www.math.rwth-aachen.de/~Thomas.Breuer/"
    department = "Lehrstuhl D für Mathematik"
    university = "RWTH Aachen"
    street     = "Pontdriesch 14-16"
    city       = "Aachen"
    zipcode    = "52062"
    country    = "Germany"
/>

<person id="Duane Broline"
    name       = "Duane Broline"
    department = "Department of Mathematics and Computater Science"
    university = "Eastern Illinois University"
    street     = "600 Lincoln Avenue"
    city       = "Charleston IL"
    zipcode    = "61920-3099"
    country    = "USA"
    email      = "cfdmb(at)eiu.edu"
    www        = "http://www.ux1.eiu.edu/~cfdmb/"
/>

<person id="Michel Broue"
    title      = "Prof."
    name       = "Michel Broué"
    www        = "http://www.mathp7.jussieu.fr/personalpages/broue/"
    department = "UFR de Mathématiques"
    university = "Université Paris VII Denis-Diderot"
    city       = "Paris"
    country    = "France"
/>

<person id="Harold Brown"
    name       = "Harold Brown"
/>

<person id="Francis Buekenhout"
    name       = "Francis Buekenhout"
/>

<person id="Rolf Buelow"
    name       = "Rolf Bülow"
/>

<person id="Greg Butler"
    name       = "Gregory Butler"
/>

<!--#########################################################################
#CCCCCCCCCCCCCCCCCCCCCCCCCCCCCCCCCCCCCCCCCCCCCCCCCCCCCCCCCCCCCCCCCCCCCCCCCCC#
##########################################################################-->

<person id="C. Campbell"
    name       = "C. Campbell"
    title      = "Dr."
    department = "School of Mathematics and Statistics"
    university = "University of St Andrews"
    street     = "North Haugh"
    city       = "St Andrews"
    county     = "Fife"
    zipcode    = "KY16 9SS"
    country    = "UK"
    email      = "cmc@st-and.ac.uk"
    www        = "http://www-groups.dcs.st-and.ac.uk:80/~colinc/"
/>

<person id="Andrea Caranti"
    name       = "Andrea Caranti"
    title      = "Prof."
    email      = "caranti@science.unitn.it"
    department = "Dipartimento di Matematica"
    university = "Università degli Studi di Trento"
    city       = "Trento"
    street     = "Via Sommarive 14"
    zipcode    = "I-38050"
    country    = "Italy"
/>

<person id="Frank Celler"
    name       = "Frank Celler"
    title      = "Dr."
    email      = "Frank.Celler@math.rwth-aachen.de"
    sameaddressas = "Thomas Breuer"
/>

<person id="CHEVIE"
    name       = "CHEVIE"
    www        = "http://www.iwr.uni-heidelberg.de/iwr/compalg/chevie/chevieann.html"
/>

<person id="Arjeh Cohen"
    title      = "Prof."
    name       = "Arjeh Cohen"
    www        = "http://www.win.tue.nl/win/math/dw/personalpages/amc/"
/>

<person id="Gene Cooperman"
    name       = "Gene Cooperman"
    title      = "Prof."
    email      = "gene@ccs.neu.edu"
    department = "College of Computer Science, 161CN"
    university = "Northeastern University"
    city       = "Boston"
    zipcode    = "MA 02115"
    country    = "USA"
    www        = "http://www.ccs.neu.edu/home/gene"
/>

<person id="Marco Costantini"
    name       = "Marco Costantini"
    email      = "costanti@science.unitn.it"
    department = "Dipartimento di Matematica"
    university = "Università degli Studi di Trento"
    city       = "Trento"
    street     = "Via Sommarive 14"
    zipcode    = "I-38050"
    country    = "Italy"
    www        = "http://www-math.science.unitn.it/~costanti/"
/>

<person id="J. Cramwinckel"
    name       = "J. Cramwinckel"
/>

<!--#########################################################################
#DDDDDDDDDDDDDDDDDDDDDDDDDDDDDDDDDDDDDDDDDDDDDDDDDDDDDDDDDDDDDDDDDDDDDDDDDDD#
##########################################################################-->
<person id="Karel Dekimpe"
      name       = "Karel Dekimpe"
      university = "Katholieke Universiteit Leuven"
      street     = "Campus Kortrijk, Universitaire Campus"
      city       = "Kortrijk"
      zipcode    = "B 8500"
      country    = "Belgium"
      email      = "dekimpe@kulak.ac.be"
/>

<person id="John Dixon"
      name       = "John D. Dixon"
/>


<person id="Paul Doyle"
    name       = "Paul Doyle"
    email      = "csedoyle@bodkin.ucg.ie"
/>

<!--#########################################################################
#EEEEEEEEEEEEEEEEEEEEEEEEEEEEEEEEEEEEEEEEEEEEEEEEEEEEEEEEEEEEEEEEEEEEEEEEEEE#
##########################################################################-->

<person id="Sebastian Egner"
    name       = "Sebastian Egner"
    title      = "Dr."
    email      = "sebastian.egner@philips.com"
    www        = "http://avalon.ira.uka.de/home/egner/index.html"
    department = "Philips Research Labs"
    city       = "Eindhoven"
    street     = "Prof. Holstlaan 4"
    zipcode    = "5656 AA"
    country    = "Netherlands"
/>

<person id="Bettina Eick"
    name       = "Bettina Eick"
    title      = "Prof."
    email      = "beick@tu-bs.de"
    www        = "http://www.icm.tu-bs.de/~beick/"
    department = "Institut Computational Mathematics"
    university = "TU Braunschweig"
    street     = "Pockelsstr. 14"
    zipcode    = "D-38106"
    city       = "Braunschweig"
    country    = "Germany"
/>

<person id="Graham Ellis"
    name       = "Graham Ellis"
    title      = "Prof."
    email      = "graham.ellis@nuigalway.ie"
    www        = "http://hamilton.nuigalway.ie/"
    department = "Department of Mathematics"
    university = "National University of Ireland"
    zipcode    = "D-38106"
    city       = "Galway"
    country    = "Ireland"
/>

<!--#########################################################################
#FFFFFFFFFFFFFFFFFFFFFFFFFFFFFFFFFFFFFFFFFFFFFFFFFFFFFFFFFFFFFFFFFFFFFFFFFFF#
##########################################################################-->

<person id="Volkmar Felsch"
    name       = "Volkmar Felsch"
    title      = "Dr."
    email      = "Volkmar.Felsch@math.rwth-aachen.de"
    www        = "http://www.math.rwth-aachen.de/~Volkmar.Felsch"
    department = "Lehrstuhl D für Mathematik"
    university = "RWTH Aachen"
    street     = "Pontdriesch 14-16"
    city       = "Aachen"
    zipcode    = "52062"
    country    = "Germany"
/>

<person id="B. Fischer"
    name       = "B. Fischer"
    title      = "Prof."
    email      = "umatf106@dbiuni11.bitnet"
    city       = "Bielefeld"
/>

<person id="Steve Fisk"
    name       = "Steve Fisk"
    email      = "fisk@bowdoin.edu"
/>

<person id="Markus Fuchs"
    name       = "Markus Fuchs"
    email      = "Markus.Fuchs@math.rwth-aachen.de"
/>

<!--#########################################################################
#GGGGGGGGGGGGGGGGGGGGGGGGGGGGGGGGGGGGGGGGGGGGGGGGGGGGGGGGGGGGGGGGGGGGGGGGGGG#
##########################################################################-->

<person id="Franz Gaehler"
    title      = "Dr."
    name       = "Franz Gähler"
    email      = "gaehler@math.uni-bielefeld.de"
    department = "Fakultät für Mathematik"
    university = "Universität Bielefeld"
    city       = "Bielefeld"
    zipcode    = "D-33615"
    country    = "Germany"
    www        = "http://www.math.uni-bielefeld.de/~gaehler/"
/>

<person id="Greg Gamble"
    name       = "Greg Gamble"
    title      = "Dr."
    department = "School of Mathematics and Statistics"
    university = "Curtin University of Technology"
    city       = "Perth WA"
    county     = "Western Australia"
    zipcode    = "6845"
    country    = "Australia"
    email      = "gregg@itee.uq.edu.au"
    www        = "http://www.itee.uq.edu.au/~gregg"
/>

<person id="GAP"
    name       = "The GAP Group"
    email      = "support@gap-system.org"
    department = "Centre for Interdisciplinary Research in Computational Algebra"
    university = "University of St Andrews"
    building   = "Mathematical Institute"
    street     = "North Haugh"
    city       = "St Andrews"
    county     = "Fife"
    zipcode    = "KY16 9SS"
    country    = "UK"
    fax        = "+44 (0)1334 463748"
/>

<person id="gap-council"
    name       = "The GAP Council"
    email      = "council@gap-system.org"
/>

<person id="gap-forum"
    name       = "GAP Forum"
    email      = "forum@gap-system.org"
/>

<person id="gap-trouble"
    name       = "The GAP Group"
    email      = "support@gap-system.org"
/>

<person id="Meinolf Geck"
    title      = "Professor"
    name       = "Meinolf Geck"
    department = "Mathematical Sciences"
    university = "University of Aberdeen"
    city       = "Aberdeen"
    zipcode    = "AB24 3UE"
    country    = "Scotland"
    email      = "m.geck@maths.abdn.ac.uk"
    www        = "http://www.maths.abdn.ac.uk/staff/display.php?key=m.geck"
/>

<person id="Vladimir Gerdt"
    name       = "Vladimir Gerdt"
    title      = "Professor"
    email      = "gerdt@jinr.ru"
    www        = "http://www.jinr.ru/~compalg/ghp.htm"
    department = "Laboratory of Computing Techniques and Automation,"
    university = "Joint Institute for Nuclear Research"
    city       = "Dubna"
    county     = "Moscow Region"
    zipcode    = "141980"
    country    = "Russia"
/>


<person id="Robert Gilman"
    name       = "Robert Gilman"
    title      = "Dr."
    email      = "rgilman@stevens-tech.edu"
/>

<person id="Willem de Graaf"
      name       ="Willem de Graaf"
      university ="Universita degli studi di Trento"
      department ="Dipartimento di Matematica"
      street     ="Via Sommarive 14" 
      city       ="Povo (Trento)"
      zipcode    ="I-38050 Povo (Trento)"
      country    ="Italy"
      www        ="http://www.science.unitn.it/~degraaf/"
/>
      

<!--#########################################################################
#HHHHHHHHHHHHHHHHHHHHHHHHHHHHHHHHHHHHHHHHHHHHHHHHHHHHHHHHHHHHHHHHHHHHHHHHHHH#
##########################################################################-->

<person id="Sergei Haller"
    name       = "Sergei Haller"
    www        = "http://www.hrz.uni-giessen.de/~gc1007/"
    email      = "Sergei.Haller@math.uni-giessen.de"
    university = "University of Giessen"
/>

<person id="G. Havas"
    title      = "Dr."
    name       = "George Havas"
    www        = "http://www.itee.uq.edu.au/~havas/"
    department = "Centre for Discrete Mathematics and Computing, Department of Computer Science and Electrical Engineering"
    university = "The University of Queensland"
    city       = "Brisbane"
    county     = "Queensland"
    zipcode    = "4072"
    country    = "AUSTRALIA"
    email      = "havas@csee.uq.edu.au"
/>

<person id="Pal Hegedus"
    name       = "Pal Hegedus"
    email      = "Pal.Hegedus@math.rwth-aachen.de"
    university = "ELTE Budapest"
/>

<person id="Laszlo Hethelyi"
    name       = "Laszlo Hethelyi"
    title      = "Dr."
    email      = "HETHELYI@ch.bme.hu"
    university = "BME Budapest"
/>

<person id="Ludger Hippe"
    name       = "Ludger Hippe"
    email      = "lhippe@planet-interkom.de"
    department = "c/o Lehrstuhl D für Mathematik"
    university = "RWTH Aachen"
    street     = "Pontdriesch 14-16"
    city       = "Aachen"
    zipcode    = "52062"
    country    = "Germany"
/>

<person id="Jacob Hirbawi"
    name       = "Jacob Hirbawi"
    email      = "JcbHrb@CERF.net"
/>

<person id="Gerhard Hiss"
    title      = "Prof."
    name       = "Gerhard Hiss"
    email      = "Gerhard.Hiss@math.rwth-aachen.de"
    www        = "http://www.math.rwth-aachen.de/~Gerhard.Hiss/"
    department = "Lehrstuhl D für Mathematik"
    university = "RWTH Aachen"
    street     = "Pontdriesch 14-16"
    city       = "Aachen"
    zipcode    = "52062"
    country    = "Germany"
/>

<person id="Burkhard Hoefling"
    title      = "Dr."
    name       = "Burkhard Höfling"
    email      = "B.Hoefling@tu-bs.de"
    www        = "http://www.icm.tu-bs.de/~bhoeflin/"
    street     = "Roonstr. 9"
    city       = "Braunschweig"
    zipcode    = "D 38102"
    country    = "Germany"

/>  

<person id="Derek Holt"
    title      = "Dr."
    name       = "Derek F. Holt"
    email      = "dfh@maths.warwick.ac.uk"
    www        = "http://www.maths.warwick.ac.uk/~dfh/"
    department = "Mathematics Institute"
    university = "University of Warwick"
    city       = "Warwick"
    county     = "Coventry, CV4 7AL"
    country    = "UK"
/>

<person id="Jens Hollmann"
    name       = "Jens Hollmann"
/>

<person id="Max Horn"
    title      = "Dr."
    name       = "Max Horn"
    email      = "max.horn@math.uni-giessen.de"
    www        = "http://www.quendi.de/math/"
    department = "Mathematisches Institut"
    university = "Justus-Liebig-Universität Gießen"
    city       = "Gießen"
    zipcode    = "35392"
    country    = "Germany"
/>

<person id="Erzebet Horvath"
    title      = "Dr."
    name       = "Erzsébet Horvath"
    email      = "he@vma.bme.hu"
/>

<person id="Gabor Horvath"
    name       = "Gábor Horváth"
    department = "Institute of Mathematics"
    university = "University of Debrecen"
    street     = "Pf. 400"
    city       = "Debrecen"
    zipcode    = "4002"
    country    = "Hungary"
    email      = "ghorvath@science.unideb.hu"
    www        = "http://math.unideb.hu/horvath-gabor/en"
/>

<person id="Alexander Hulpke"
    name       = "Alexander Hulpke"
    title      = "Dr."
    email      = "hulpke@math.colostate.edu"
    www        = "http://www.math.colostate.edu/~hulpke/"
    university = "Colorado State University"
    department = "Department of Mathematics"
    street     = "Weber Building"
    city       = "Fort Collins"
    zipcode    = "CO 80523"
    country    = "USA"
/>

<!--#########################################################################
#IIIIIIIIIIIIIIIIIIIIIIIIIIIIIIIIIIIIIIIIIIIIIIIIIIIIIIIIIIIIIIIIIIIIIIIIIII#
##########################################################################-->

<person id="Stefan Irnich"
    name       = "Stefan Irnich"
/>

<!--#########################################################################
#JJJJJJJJJJJJJJJJJJJJJJJJJJJJJJJJJJJJJJJJJJJJJJJJJJJJJJJJJJJJJJJJJJJJJJJJJJJ#
##########################################################################-->

<person id="Christoph Jansen"
    name       = "Christoph Jansen"
    title      = "Dr."
/>

<person id="Chris Jefferson"
    name       = "Chris Jefferson"
    title      = "Dr."
    department = "School of Computer Science"
    university = "University of St Andrews"
    street     = "North Haugh"
    city       = "St Andrews"
    county     = "Fife"
    zipcode    = "KY16 9SS"
    country    = "UK"
    email      = "caj21@st-andrews.ac.uk"
    www        = "http://caj.host.cs.st-andrews.ac.uk/"
/>

<person id="D. Johnson"
    name       = "D. Johnson"
    title      = "Dr."
    email      = "dlj@maths.nott.ac.uk"
/>

<person id="David Joyner"
    name       = "David Joyner"
    email      = "wdjoyner@gmail.com"
    www        = "https://sites.google.com/site/wdjoyner/"
    university = "U. S. Naval Academy"
    department = "Mathematics Department, Chauvenet Hall"
    city       = "Annapolis"
    street     = "572C Holloway Road"
    zipcode    = "MD 21402"
    country    = "USA"
/>

<person id="Ulf Juergens"
    title      = "Dr."
    name       = "Ulf Jürgens"
/>

<!--#########################################################################
#KKKKKKKKKKKKKKKKKKKKKKKKKKKKKKKKKKKKKKKKKKKKKKKKKKKKKKKKKKKKKKKKKKKKKKKKKKK#
##########################################################################-->

<person id="Ansgar Kaup"
    name       = "Ansgar Kaup"
/>

<person id="Susanne Keitemeier"
    name       = "Susanne Keitemeier"
    email      = "skeitemeier@atos-group.com"
/>

<person id="Ulrich Klein"
    name       = "Ulrich Klein"
    title      = "Dr."
    email      = "Ulrich.Klein@math.rwth-aachen.de"
    department = "Lehrstuhl D für Mathematik"
    university = "RWTH Aachen"
    street     = "Pontdriesch 14-16"
    city       = "Aachen"
    zipcode    = "52062"
    country    = "Germany"
/>

<person id="Christoph Koehler"
    name       = "Christoph Köhler"
    email      = "Christoph.Koehler@math.rwth-aachen.de"
    department = "Lehrstuhl D für Mathematik"
    university = "RWTH Aachen"
    street     = "Pontdriesch 14-16"
    city       = "Aachen"
    zipcode    = "52062"
    country    = "Germany"
/>

<person id="Stefan Kohl"
    name       = "Stefan Kohl"
    email      = "stefan@mcs.st-and.ac.uk"
    www        = "https://www.gap-system.org/DevelopersPages/StefanKohl/"
/>

<person id="Alexander Konovalov"
    name       = "Alexander Konovalov"
    department = "School of Computer Science"
    university = "University of St Andrews"
    street     = "North Haugh"
    city       = "St Andrews"
    county     = "Fife"
    zipcode    = "KY16 9SX"
    country    = "UK"
    email      = "alexk@mcs.st-and.ac.uk"
    www        = "http://blogs.cs.st-andrews.ac.uk/alexk/"
/>

<person id="Vladimir Kornyak"
    name       = "Vladimir Kornyak"
    email      = "kornyak@jinr.dubna.su"
    sameaddressas = "Vladimir Gerdt"
/>

<person id="Marco Kuhlkamp"
    name       = "Marco Kuhlkamp"
    email      = "mkuhlkamp@milestone.de"
    www        = "http://www.math.rwth-aachen.de/~Marco.Kuhlkamp"
/>

<!--#########################################################################
#LLLLLLLLLLLLLLLLLLLLLLLLLLLLLLLLLLLLLLLLLLLLLLLLLLLLLLLLLLLLLLLLLLLLLLLLLLL#
##########################################################################-->

<person id="Charles Leedham-Green"
    name       = "Charles R. Leedham-Green"
    title      = "Dr."
    department = "School of Mathematical Sciences"
    university = "Queen Mary, University of London"
    city       = "London"
    zipcode    = "E1 4NS"
    country    = "UK"
/>

<person id="Dimitri Leemans"
    name       = "Dimitri Leemans"
/>

<person id="Steve Linton"
    name       = "Steve Linton"
    title      = "Dr."
    department = "School of Computer Science"
    university = "University of St Andrews"
    street     = "North Haugh"
    city       = "St Andrews"
    county     = "Fife"
    zipcode    = "KY16 9SS"
    country    = "UK"
    email      = "sal@dcs.st-and.ac.uk"
    www        = "http://www.dcs.st-and.ac.uk/~sal"
    phone      = "+44/1334/463269"
    fax        = "+44/1334/463278"
/>

<person id="Eddie Lo"
    name       = "Eddie Lo"
    title      = "Dr."
    email      = "elo@campus.hpu.edu"
/>

<person id="Frank Luebeck"
    title      = "Dr."
    name       = "Frank Lübeck"
    email      = "Frank.Luebeck@math.rwth-aachen.de"
    www	       = "http://www.math.rwth-aachen.de/~Frank.Luebeck/"
    department = "Lehrstuhl D für Mathematik"
    university = "RWTH Aachen"
    street     = "Pontdriesch 14-16"
    city       = "Aachen"
    zipcode    = "52062"
    country    = "Germany"
/>

<person id="Klaus Lux"
    name       = "Klaus Lux"
    title      = "Dr."
    department = "Department of Mathematics"
    university = "The University of Arizona"
    street     = "617 N. Santa Rita Ave., P.O. Box 210089"
    city       = "Tucson, AZ"
    zipcode    = "857210089"
    country    = "USA"
    email      = "Klaus.Lux@math.rwth-aachen.de"
    www	       = "http://math.arizona.edu/~klux/"
/>

<!--#########################################################################
#MMMMMMMMMMMMMMMMMMMMMMMMMMMMMMMMMMMMMMMMMMMMMMMMMMMMMMMMMMMMMMMMMMMMMMMMMMM#
##########################################################################-->
<person id="Kay Magaard"
    name       = "Kay Magaard (1962-2018)"
/>

<person id="Gunter Malle"
    name       = "Gunter Malle"
    title      = "Professor"
    email      = "malle|at|mathematik.uni-kl.de"
    department = "Fachbereich für Mathematik"
    university = "Universität Kaiserslautern"
    street     = "Postfach 3049"
    city       = "Kaiserslautern"
    country    = "Germany"
    www	       = "http://www.mathematik.uni-kl.de/~malle/en/"
/>

<person id="Bohdan Majewski"
    name       = "Bohdan Majewski"
/>

<person id="U. Martin"
    name       = "U. Martin"
    title      = "Prof."
/>

<person id="Andrew Mathas"
    name       = "Andrew Mathas"
    title      = "Dr."
    email      = "mathas@maths.usyd.edu.au"
    university = "University of Sydney"
    city       = "Sydney"
    country    = "Australia"
    www	       = "http://www.maths.usyd.edu.au:8000/u/mathas"
/>

<person id="B. Matzat"
    name       = "B. Matzat"
    title      = "Prof."
    email      = "wissrech@iwr1.iwr.uni-heidelberg.de"
    sameaddressas = "Gunter Malle"
/>

<person id="John McDermott"
    name       = "John McDermott"
    title      = "Dr."
    department = "School of Computer Science"
    university = "University of St Andrews"
    street     = "North Haugh"
    city       = "St Andrews"
    county     = "Fife"
    zipcode    = "KY16 9SS"
    country    = "UK"
    email      = "jjm@mcs.st-and.ac.uk"
    www	       = "http://www-maths.mcs.st-andrews.ac.uk/homepages/jjm5.html"
/>

<person id="John McKay"
    name       = "John McKay"
    title      = "Prof."
    email      = "mckay@vax2.concordia.ca"
/>

<person id="Johannes Meier"
    name       = "Johannes Meier"
    title      = "Dr."
/>

<person id="Thomas Merkwitz"
    name       = "Thomas Merkwitz"
    email      = "Thomas.Merkwitz@math.rwth-aachen.de"
    sameaddressas = "Thomas Breuer"
/>

<person id="Wolfgang Merkwitz"
    name       = "Wolfgang Merkwitz"
    email      = "Wolfgang.Merkwitz@ikossvan.de"
/>

<person id="Jean Michel"
    name       = "Jean Michel"
    title      = "Directeur de recherches au CNRS"
    email      = "jmichel@math.jussieu.fr"
    department = "UFR de Mathématiques"
    university = "Université Denis Diderot - Paris 7"
    street     = "175, rue du Chevaleret"
    zipcode    = "75013"
    city       = "Paris"
    country    = "France"
    phone      = "(33) 0144278119"
    fax        = "(33) 0144278121"
    www        = "http://www.math.jussieu.fr/~jmichel/"
/>

<person id="G. Michler"
    name       = "G. Michler"
    title      = "Prof."
    www        = "http://www.exp-math.uni-essen.de/people/michler.html"
    city       = "Essen"
/>

<person id="E. Minkes"
    name       = "E. Minkes"
/>

<person id="Juergen Mnich"
    name       = "Jürgen Mnich"
/>

<person id="James Mitchell"
    title      = "Dr."
    name       = "James Mitchell"
    department = "CIRCA"
    university = "University of St Andrews"
    city       = "St Andrews"
    country    = "Great Britain"
    www        = "http://www-history.mcs.st-and.ac.uk/~jamesm/"
    email      = "jamesm@mcs.st-and.ac.uk"
/>

<person id="Robert F. Morse"
    title      = "Prof."
    name       = "Robert F. Morse"
    formalname = "Robert F. Morse"
    department = "Department of Electrical Engineering and Computer Science"
    university = "University of Evansville"
    street     = "1800 Lincoln Ave"
    city       = "Evansville"
    county     = "Indiana"    
    zipcode    = "IN 47722"
    country    = "USA"
    www        = "http://faculty.evansville.edu/rm43"
    email      = "rfmorse@evansville.edu"
/>

<person id="Brian Mortimer"
    name       = "Brian Mortimer"
/>

<person id="Juergen Mueller"
    title      = "Dr."
    name       = "Jürgen Müller"
    email      = "Juergen.Mueller@math.rwth-aachen.de"
    www	       = "http://www.math.rwth-aachen.de/~Juergen.Mueller/"
    department = "Lehrstuhl D für Mathematik"
    university = "RWTH Aachen"
    street     = "Pontdriesch 14-16"
    city       = "Aachen"
    zipcode    = "52062"
    country    = "Germany"
/>

<person id="Scott Murray"
    name       = "Scott Murray"
    title      = "Dr."
    email      = "murray@math.uchicago.edu"
/>

<person id="Vitaliy Mysovskikh"
    name       = "Vitaliy Mysovskikh"
    title      = "Dr."
    email      = "vimys@pdmi.ras.ru"
    university = "Petersburg State U."
/>

<!--#########################################################################
#NNNNNNNNNNNNNNNNNNNNNNNNNNNNNNNNNNNNNNNNNNNNNNNNNNNNNNNNNNNNNNNNNNNNNNNNNNN#
##########################################################################-->

<person id="Gabriele Nebe"
    name       = "Gabriele Nebe"
    title      = "Prof."
    department = "Lehrstuhl D für Mathematik"
    university = "RWTH Aachen"
    street     = "Pontdriesch 14-16"
    city       = "Aachen"
    zipcode    = "52062"
    country    = "Germany"
    email      = "nebe@mathematik.uni-ulm.de"
    www        = "http://www.math.rwth-aachen.de/~Gabriele.Nebe/index.html.en"
/>
<person id="Joachim Neubueser"
    title      = "Prof."
    name       = "Joachim Neubüser"
    email      = "Joachim.Neubueser@math.rwth-aachen.de"
    www        = "http://www.math.rwth-aachen.de/~Joachim.Neubueser/"
    department = "Lehrstuhl D für Mathematik"
    university = "RWTH Aachen"
    street     = "Pontdriesch 14-16"
    city       = "Aachen"
    zipcode    = "52062"
    country    = "Germany"
/>

<person id="Max Neunhoeffer"
    name       = "Max Neunhöffer"
    email      = "max@9hoeffer.de"
    www        = "http://www-groups.mcs.st-and.ac.uk/~neunhoef/index.html"
    city       = "Huerth"
    country    = "Germany"
/>

<person id="M. F. Newman"
    title      = "Prof."
    name       = "Mike F. Newman"
    university = "Australian National University"
    department = "School of Mathematical Sciences"
    city       = "Canberra"
    zipcode    = "ACT 0200"
    country    = "Australia"
    email      = "newman@maths.anu.edu.au"
    www        = "http://wwwmaths.anu.edu.au/~newman/"
/>

<person id="Werner Nickel"
    name       = "Werner Nickel"
    title      = "Dr. (Aus)"
    phone      = "+49 6151 163487"
    department = "Fachbereich Mathematik"
    university = "TU Darmstadt"
    street     = "Schlossgartenstr. 7"
    city       = "Darmstadt"
    zipcode    = "D-64289"
    country    = "Germany"
    email      = "nickel@mathematik.tu-darmstadt.de"
    www        = "http://www.mathematik.tu-darmstadt.de/~nickel"
/>

<person id="Alice Niemeyer"
    name       = "Alice Niemeyer"
    title      = "Prof."
    email      = "alice.niemeyer@mathb.rwth-aachen.de"
    www        = "https://wwwb.math.rwth-aachen.de/Mitarbeiter/niemeyer.php"
    department = "Lehrstuhl B für Mathematik"
    university = "RWTH Aachen"
    street     = "Pontdriesch 10-16"
    city       = "Aachen"
    zipcode    = "52062"
    country    = "Germany"
/>

<person id="Christof Noebauer"
    name       = "Christoph Nöbauer"
    department = "Institut für Mathematik"
    university = "Johannes-Kepler-Universität"
    city       = "Linz"
    country    = "Austria"
    email      = "christoph.noebaueer@algebra.uni-linz.ac.at"
    www        = "http://www.algebra.uni-linz.ac.at/"
/>

<person id="Simon Norton"
    name       = "Simon Norton"
    title      = "Dr."
    email      = "spn1@phx.cam.ac.uk"
    university = "University of Cambridge"
/>

<!--#########################################################################
#OOOOOOOOOOOOOOOOOOOOOOOOOOOOOOOOOOOOOOOOOOOOOOOOOOOOOOOOOOOOOOOOOOOOOOOOOOO#
##########################################################################-->

<person id="Eamonn O'Brien"
    name       = "Eamonn O'Brien"
    title      = "Dr."
    email      = "obrien@math.auckland.ac.nz"
    www        = "http://www.math.auckland.ac.nz/~obrien"
    department = "Department of Mathematics"
    university = "University of Auckland"
    city       = "Auckland"
    county     = "Private Bag 92019"
    country    = "New Zealand"
/>

<person id="Philip Osterlund"
    name       = "Philip Osterlund"
    email      = "osterlu@s6.math.umn.edu"
/>

<person id="Gretchen Ostheimer"
    name       = "Gretchen Ostheimer"
    title      = "Dr."
    email      = "gostheimer@emerald.tufts.edu"
/>

<!--#########################################################################
#PPPPPPPPPPPPPPPPPPPPPPPPPPPPPPPPPPPPPPPPPPPPPPPPPPPPPPPPPPPPPPPPPPPPPPPPPPP#
##########################################################################-->

<person id="Herbert Pahlings"
    name       = "Herbert Pahlings (1939-2012)"
/>

<person id="Richard Parker"
    name       = "Richard A. Parker"
    email      = "richard@ukonline.co.uk"
    www        = "http://web.ukonline.co.uk/richard"
/>

<person id="Dmitrii Pasechnik"
    title      = "Dr."
    name       = "Dmitrii Pasechnik"
    email      = "dmitrii.pasechnik AT cs.ox.ac.uk"
    www        = "http://www.cs.ox.ac.uk/people/dmitrii.pasechnik/"
    department = "Department of Computer Science"
    university = "Univerity of Oxford"
    city       = "Oxford"
    country    = "UK"
/>

<person id="Goetz Pfeiffer"
    title      = "Dr."
    name       = "Götz Pfeiffer"
    email      = "goetz@schmidt.ucg.ie"
    www        = "http://schmidt.ucg.ie/~goetz"
    department = "Department of Mathematics"
    university = "University College Galway"
    city       = "Galway"
    country    = "Ireland"
/>

<person id="Markus Pfeiffer"
    name       = "Markus Pfeiffer"
    title      = "Dr."
    department = "School of Computer Science"
    university = "University of St Andrews"
    street     = "North Haugh"
    city       = "St Andrews"
    county     = "Fife"
    zipcode    = "KY16 9SS"
    country    = "UK"
    email      = "markusp@mcs.st-andrews.ac.uk"
    www        = "http://www.morphism.de/~markusp"
/>

<person id="Wilhelm Plesken"
    title      = "Prof."
    name       = "Wilhelm Plesken"
    email      = "plesken@math.rwth-aachen.de"
    department = "Lehrstuhl B für Mathematik"
    university = "RWTH Aachen"
    street     = "Pontdriesch 10-16"
    city       = "Aachen"
    zipcode    = "52062"
    country    = "Germany"
    www        = "http://wwwb.math.rwth-aachen.de/Mitarbeiter/plesken.html"
/>

<person id="Udo Polis"
    name       = "Udo Polis"
/>

<person id="Cheryl Praeger"
    name       = "Cheryl Praeger"
    title      = "Prof."
    email      = "praeger@maths.uwa.edu.au"
    department = "School of Mathematics and Statistics"
    university = "University of Western Australia"
    city       = "Nedlands"
    county     = "WA 6907"
    country    = "Australia"
    www        = "http://www.maths.uwa.edu.au/~praeger"
/>

<person id="Markus Pueschel"
    title      = "Dr."
    email      = "pueschel@ece.cmu.edu"
    www	       = "http://www.ece.cmu.edu/~pueschel"
    name       = "Markus Püschel"
    department = "Research Faculty, Electrical and Computer Engineering"
    university = "Carnegie Mellon University"
    city       = "Pittsburgh"
    zipcode    = ""
    country    = "USA"
/>

<person id="Anthony Pye"
    name       = "Anthony Pye"
    email      = "A.Pye@qmul.ac.uk"
    sameaddressas = "Charles Leedham-Green"
/>

<!--#########################################################################
#QQQQQQQQQQQQQQQQQQQQQQQQQQQQQQQQQQQQQQQQQQQQQQQQQQQQQQQQQQQQQQQQQQQQQQQQQQQ#
##########################################################################-->

<!--#########################################################################
#RRRRRRRRRRRRRRRRRRRRRRRRRRRRRRRRRRRRRRRRRRRRRRRRRRRRRRRRRRRRRRRRRRRRRRRRRRR#
##########################################################################-->

<person id="Julianne Rainbolt"
    name       = "Julianne Rainbolt"
    department = "Department of Mathematics and Mathematical Computer Science"
    university = "Saint Louis University"
    street     = "221 N. Grand Blvd."
    city       = "St. Louis, MO"
    zipcode    = "63103"
    country    = "USA"
    email      = "rainbolt@slu.edu"
    www        = "http://euler.slu.edu/Dept/Faculty/rainbolt/"
/>

<person id="Ferenc Rakoczi"
    title      = "Dr."
    name       = "Ferenc Ràkòczi"
    email      = " Ferenc.Rakoczi@Eng.Sun.COM"
/>

<person id="Colin Ramsay"
    name       = "Colin Ramsay"
    sameaddressas = "G. Havas"
    email      = "cram@csee.uq.edu.au"
    www        = "http://www.csee.uq.edu.au/~cram"
/>

<person id="Sarah Rees"
    name       = "Sarah Rees"
    title      = "Dr."
    www        = "http://www.mas.ncl.ac.uk/~nser/"
    email      = "Sarah.Rees@ncl.ac.uk"
    department = "Department of Mathematics"
    university = "University of Newcastle"
    city       = "Newcastle"
    zipcode    = "NE1 7RU"
    country    = "UK"
/>

<person id="Michael Ringe"
    name       = "Michael Ringe"
/>

<person id="E. Robertson"
    name       = "Edmund Robertson"
    formalname = "Edmund F. Robertson"
    title      = "Prof."
    department = "School of Mathematics and Statistics"
    university = "University of St Andrews"
    street     = "North Haugh"
    city       = "St Andrews"
    county     = "Fife"
    zipcode    = "KY16 9SS"
    country    = "UK"
    www        = "http://www-groups.dcs.st-and.ac.uk:80/~edmund/"
    email      = "edmund@mcs.st-and.ac.uk"
/>

<person id="Marc Roeder"
    title       = "Dr."
    name        = "Marc Röder"
    www         = "http://www.maths.nuigalway.ie/~roeder/"
    email       = "marc.roeder@nuigalway.ie"
    department  = "Department of Mathematics"
    university  = "NUI Galway"
    city        = "Galway"
    country     = "Ireland"
/>

<person id="Gerhard Erich Roehrle"
    title       = "Dr."
    name        = "Gerhard Erich Röhrle"
    www         = "http://web.mat.bham.ac.uk/G.E.Roehrle/"
    email       = "ger@for.mat.bham.ac.uk"
    department  = "School of Mathematics and Statistics"
    university  = "The University Birmingham"
    city        = "Birmingham, B15 2TT"
    country     = "UK"
/>

<person id="E. Roijackers"
    name       = "E. Roijackers"

/>

<person id="Colva Roney-Dougal"
    name       = "Colva Roney-Dougal"
    title      = "Dr."
    department = "School of Mathematics and Statistics"
    university = "University of St Andrews"
    street     = "North Haugh"
    city       = "St Andrews"
    county     = "Fife"
    zipcode    = "KY16 9SS"
    country    = "UK"
    www        = "http://www.dcs.st-and.ac.uk/~colva/"
    email      = "colva@mcs.st-and.ac.uk"

/>

<person id="Richard Rossmanith"
    name       = "Richard Rossmanith"
    title      = "Dr."
    university = "Andersen Consulting"
    city       = "Frankfurt"
/>

<person id="Gordon Royle"
    name       = "Gordon Royle"
/>

<person id="R. Rouquier"
    name       = "R. Rouquier"
    title      = "Dr."
/>

<person id="N. Ruskuc"
    title      = "Dr."
    www        = "http://www-groups.dcs.st-and.ac.uk/~nik/"
    name       = "Nik Ruskuc"
    formalname = "Nikola Ruskuc"
    department = "School of Mathematics and Statistics"
    university = "University of St Andrews"
    street     = "North Haugh"
    city       = "St Andrews"
    county     = "Fife"
    zipcode    = "KY16 9SS"
    country    = "UK"
    email      = "nik@mcs.st-and.ac.uk"
/>

<person id="L. Ruscio"
    name       = "Lea Ruscio"
/>

<person id="A. Ryba"
    name       = "A. Ryba"
    title      = "Prof."
    department = "Department of Computer Science"
    university = "Queens College, City University of New York"
    email      = "ryba@cs.qc.cuny.edu"
/>

<!--#########################################################################
#SSSSSSSSSSSSSSSSSSSSSSSSSSSSSSSSSSSSSSSSSSSSSSSSSSSSSSSSSSSSSSSSSSSSSSSSSSS#
##########################################################################-->

<person id="Jack Schmidt"
    name       = "Jack Schmidt"
    department = "Department of Mathematics"
    university = "University of Kentucky"
    street     = "715 Patterson Office Tower"
    city       = "Lexington, KY"
    zipcode    = "40506-0027"
    country    = "USA"
    email      = "jack@ms.uky.edu"
    www        = "http://www.ms.uky.edu/~jack/"
/>


<person id="Csaba Schneider"
    name       = "Csaba Schneider"
/>

<person id="J. J. Seidel"
    name       = "J. J. Seidel"
    title      = "Prof."
    www        = "http://www.win.tue.nl/win/math/dw/personalpages/seidel/"
/>

<person id="Akos Seress"
    name       = "Akos Seress (1958-2013)"
/>

<person id="Mark Short"
    name       = "Mark Short"
/>

<person id="Juriaan Simonis"
    name       = "Juriaan Simonis"
    title      = "Dr."
    email      = "J.Simonis@twi.tudelft.nl"
/>

<person id="Charles Sims"
    name       = "Charles Sims"
    title      = "Prof."
    department = "Department of Mathematics"
    university = "Rutgers, the State University of NJ"
    street     = "110 Frelinghuysen Road"
    city       = "Piscataway, NJ"
    zipcode    = "08854-8019"
    country    = "USA"
    email      = "sims@math.rutgers.edu"
    www        = "http://www.math.rutgers.edu/~sims/"
/>

<person id="Leonard Soicher"
    name       = "Leonard Soicher"
    title      = "Dr."
    email      = "L.H.Soicher@qmul.ac.uk"
    www        = "http://www.maths.qmul.ac.uk/~leonard/"
    sameaddressas = "Charles Leedham-Green"
/>

<person id="Ute Schiffer"
    name       = "Ute Schiffer"
/>

<person id="Martin Schoenert"
    name       = "Martin Schönert"
    email      = "Martin.Schoenert@Team4.DE"
    www        = "http://www.math.rwth-aachen.de/~Martin.Schoenert/"
    department = "Lehrstuhl D für Mathematik"
    university = "RWTH Aachen"
    street     = "Pontdriesch 14-16"
    city       = "Aachen"
    zipcode    = "52062"
    country    = "Germany"
/>

<person id="Ulrich Schoenwaelder"
    name       = "Ulrich Schoenwaelder"
    title      = "Prof."
    email      = "Ulrich.Schoenwaelder@math.rwth-aachen.de"
    department = "Lehrstuhl D für Mathematik"
    university = "RWTH Aachen"
    street     = "Pontdriesch 14-16"
    city       = "Aachen"
    zipcode    = "52062"
    country    = "Germany"
/>

<person id="Geoff Smith"
    name       = "Geoff Smith"
    title      = "Dr."
    email      = "masgcs@maths.bath.ac.uk"
    university = "University of Bath"
/>

<person id="Michael J. Smith"
    name       = "Michael J. Smith"
    title      = "Dr."
    email      = "Michael.Smith@maths.anu.edu.au"
    sameaddressas = "M. F. Newman"
/>

<person id="Andrew Solomon"
    name       = "Andrew Solomon"
    title      = "Dr."
    department = "Faculty of Information Technology"
    university = "University of Technology Sydney"
    street     = "Broadway"
    city       = "Sydney"
    zipcode    = "NSW 2007"
    country    = "Australia"
    email      = "andrews@it.uts.edu.au"
/>

<person id="Bernd Souvignier"
    name       = "Bernd Souvignier"
/>

<person id="Magdolna Szoke"
    name       = "Magdolna Szoke"
    email      = "Magdolna.Szoke@math.rwth-aachen.de"
    university = "BME Budapest"
/>

<!--#########################################################################
#TTTTTTTTTTTTTTTTTTTTTTTTTTTTTTTTTTTTTTTTTTTTTTTTTTTTTTTTTTTTTTTTTTTTTTTTTTT#
##########################################################################-->

<person id="Heiko Theissen"
    title      = "Dr."
    name       = "Heiko Theißen"
    email      = "Heiko.Theissen@sap-ag.de"
/>

<!--#########################################################################
#UUUUUUUUUUUUUUUUUUUUUUUUUUUUUUUUUUUUUUUUUUUUUUUUUUUUUUUUUUUUUUUUUUUUUUUUUUU#
##########################################################################-->

<!--#########################################################################
#VVVVVVVVVVVVVVVVVVVVVVVVVVVVVVVVVVVVVVVVVVVVVVVVVVVVVVVVVVVVVVVVVVVVVVVVVVV#
##########################################################################-->

<person id="Michael Vaughan-Lee"
    name       = "Michael Vaughan-Lee"
   title      = "Prof."
   email      = "vlee@vax.ox.ac.uk"
/>

<!--#########################################################################
#WWWWWWWWWWWWWWWWWWWWWWWWWWWWWWWWWWWWWWWWWWWWWWWWWWWWWWWWWWWWWWWWWWWWWWWWWWW#
##########################################################################-->

<person id="Rob Wainwright"
    name       = "Rob Wainwright"
/>

<person id="Alex Wegner"
    name       = "Alex Wegner"
    title      = "Dr."
/>

<person id="Chris Wensley"
    name       = "Chris Wensley"
    title      = "Dr."
    email      = "c.d.wensley@bangor.ac.uk"
    www        = "http://www.bangor.ac.uk/~mas023/"
    department = "School of Informatics"
    university = "University of Wales"
    city       = "Bangor"
    county     = "Gwynedd"
    zipcode    = "LL57 1UT"
    country    = "UK"
/>

<person id="R. Wilson"
    title      = "Prof."
    name       = "Robert&amp;nbsp;Wilson"
    formalname = "Robert A. Wilson"
    email      = "R.A.Wilson AT qmul DOT ac DOT uk"
    www        = "http://for.mat.bham.ac.uk/R.A.Wilson/"
    department = "School of Mathematical Sciences"
    university = "Queen Mary, University of London"
    city       = "London"
    zipcode    = "E1 4NS"
    country    = "UK"
/>

<person id="Hans Wondratschek"
    name       = "Hans Wondratschek"
    email      = "wondra@krisal.physik.uni-karlsruhe.de"
/>

<person id="C. Wright"
    title      = "Prof."
    name       = "Charles Wright"
    formalname = "Charles R. B. Wright"
    email      = "wright@math.uoregon.edu"
    www        = "http://darkwing.uoregon.edu/~wright"
    university = "University of Oregon"
    department = "Department of Mathematics"
    city       = "Eugene"
    zipcode    = "OR 97403"
    country    = "USA"
/>

<person id="Martin Wursthorn"
    name       = "Martin Wursthorn"
    email      = "pluto@machnix.mathematik.uni-stuttgart.de"
    department = "Math. Inst. B, 3. Lehrstuhl"
    university = "Universität Stuttgart"
    city       = "Stuttgart"
    country    = "Germany"
    phone      = "+49/711/6855517"
    fax        = "+49/711/6855322"
/>

<person id="Hans Zassenhaus"
    name       = "Hans Zassenhaus"
/>

<person id="X X"
    name       = "XXXXXXXXXXXXXX"
/>

</addresses>

